inventory_date,product_id,location_id,quantity_on_hand
2024-12-31,P001,L01,377
2024-12-31,P001,L02,637
2024-12-31,P001,L03,478
2024-12-31,P001,L04,395
2024-12-31,P001,L05,601
2024-12-31,P001,L06,265
2024-12-31,P001,L07,360
2024-12-31,P001,L08,658
2024-12-31,P001,L09,387
2024-12-31,P001,L10,775
2024-12-31,P001,L11,775
2024-12-31,P001,L12,292
2024-12-31,P001,L13,641
2024-12-31,P001,L14,456
2024-12-31,P001,L15,154
2024-12-31,P001,L16,405
2024-12-31,P001,L17,503
2024-12-31,P001,L18,617
2024-12-31,P001,L19,483
2024-12-31,P001,L20,459
2024-12-31,P002,L01,478
2024-12-31,P002,L02,648
2024-12-31,P002,L03,523
2024-12-31,P002,L04,582
2024-12-31,P002,L05,477
2024-12-31,P002,L06,450
2024-12-31,P002,L07,423
2024-12-31,P002,L08,510
2024-12-31,P002,L09,380
2024-12-31,P002,L10,352
2024-12-31,P002,L11,539
2024-12-31,P002,L12,488
2024-12-31,P002,L13,555
2024-12-31,P002,L14,794
2024-12-31,P002,L15,526
2024-12-31,P002,L16,410
2024-12-31,P002,L17,567
2024-12-31,P002,L18,344
2024-12-31,P002,L19,406
2024-12-31,P002,L20,394
2024-12-31,P003,L01,431
2024-12-31,P003,L02,750
2024-12-31,P003,L03,435
2024-12-31,P003,L04,997
2024-12-31,P003,L05,675
2024-12-31,P003,L06,268
2024-12-31,P003,L07,622
2024-12-31,P003,L08,524
2024-12-31,P003,L09,801
2024-12-31,P003,L10,540
2024-12-31,P003,L11,426
2024-12-31,P003,L12,131
2024-12-31,P003,L13,619
2024-12-31,P003,L14,683
2024-12-31,P003,L15,505
2024-12-31,P003,L16,320
2024-12-31,P003,L17,571
2024-12-31,P003,L18,469
2024-12-31,P003,L19,410
2024-12-31,P003,L20,216
2024-12-31,P004,L01,268
2024-12-31,P004,L02,522
2024-12-31,P004,L03,622
2024-12-31,P004,L04,306
2024-12-31,P004,L05,548
2024-12-31,P004,L06,328
2024-12-31,P004,L07,524
2024-12-31,P004,L08,387
2024-12-31,P004,L09,277
2024-12-31,P004,L10,443
2024-12-31,P004,L11,555
2024-12-31,P004,L12,639
2024-12-31,P004,L13,439
2024-12-31,P004,L14,605
2024-12-31,P004,L15,684
2024-12-31,P004,L16,632
2024-12-31,P004,L17,552
2024-12-31,P004,L18,431
2024-12-31,P004,L19,647
2024-12-31,P004,L20,613
2024-12-31,P005,L01,317
2024-12-31,P005,L02,239
2024-12-31,P005,L03,559
2024-12-31,P005,L04,420
2024-12-31,P005,L05,595
2024-12-31,P005,L06,658
2024-12-31,P005,L07,689
2024-12-31,P005,L08,386
2024-12-31,P005,L09,576
2024-12-31,P005,L10,716
2024-12-31,P005,L11,635
2024-12-31,P005,L12,723
2024-12-31,P005,L13,339
2024-12-31,P005,L14,587
2024-12-31,P005,L15,367
2024-12-31,P005,L16,119
2024-12-31,P005,L17,387
2024-12-31,P005,L18,388
2024-12-31,P005,L19,599
2024-12-31,P005,L20,507
2024-12-31,P006,L01,468
2024-12-31,P006,L02,504
2024-12-31,P006,L03,456
2024-12-31,P006,L04,369
2024-12-31,P006,L05,272
2024-12-31,P006,L06,479
2024-12-31,P006,L07,539
2024-12-31,P006,L08,583
2024-12-31,P006,L09,456
2024-12-31,P006,L10,415
2024-12-31,P006,L11,591
2024-12-31,P006,L12,493
2024-12-31,P006,L13,516
2024-12-31,P006,L14,709
2024-12-31,P006,L15,583
2024-12-31,P006,L16,469
2024-12-31,P006,L17,583
2024-12-31,P006,L18,713
2024-12-31,P006,L19,545
2024-12-31,P006,L20,657
2024-12-31,P007,L01,514
2024-12-31,P007,L02,353
2024-12-31,P007,L03,626
2024-12-31,P007,L04,208
2024-12-31,P007,L05,409
2024-12-31,P007,L06,198
2024-12-31,P007,L07,503
2024-12-31,P007,L08,446
2024-12-31,P007,L09,448
2024-12-31,P007,L10,550
2024-12-31,P007,L11,303
2024-12-31,P007,L12,555
2024-12-31,P007,L13,507
2024-12-31,P007,L14,539
2024-12-31,P007,L15,458
2024-12-31,P007,L16,433
2024-12-31,P007,L17,622
2024-12-31,P007,L18,432
2024-12-31,P007,L19,272
2024-12-31,P007,L20,665
2024-12-31,P008,L01,236
2024-12-31,P008,L02,639
2024-12-31,P008,L03,1008
2024-12-31,P008,L04,917
2024-12-31,P008,L05,676
2024-12-31,P008,L06,496
2024-12-31,P008,L07,511
2024-12-31,P008,L08,455
2024-12-31,P008,L09,613
2024-12-31,P008,L10,305
2024-12-31,P008,L11,689
2024-12-31,P008,L12,674
2024-12-31,P008,L13,735
2024-12-31,P008,L14,527
2024-12-31,P008,L15,573
2024-12-31,P008,L16,471
2024-12-31,P008,L17,480
2024-12-31,P008,L18,523
2024-12-31,P008,L19,382
2024-12-31,P008,L20,602
2024-12-31,P009,L01,484
2024-12-31,P009,L02,504
2024-12-31,P009,L03,635
2024-12-31,P009,L04,653
2024-12-31,P009,L05,793
2024-12-31,P009,L06,530
2024-12-31,P009,L07,442
2024-12-31,P009,L08,519
2024-12-31,P009,L09,646
2024-12-31,P009,L10,531
2024-12-31,P009,L11,454
2024-12-31,P009,L12,626
2024-12-31,P009,L13,431
2024-12-31,P009,L14,607
2024-12-31,P009,L15,476
2024-12-31,P009,L16,618
2024-12-31,P009,L17,732
2024-12-31,P009,L18,672
2024-12-31,P009,L19,323
2024-12-31,P009,L20,393
2024-12-31,P010,L01,478
2024-12-31,P010,L02,337
2024-12-31,P010,L03,546
2024-12-31,P010,L04,643
2024-12-31,P010,L05,448
2024-12-31,P010,L06,455
2024-12-31,P010,L07,207
2024-12-31,P010,L08,230
2024-12-31,P010,L09,476
2024-12-31,P010,L10,767
2024-12-31,P010,L11,468
2024-12-31,P010,L12,506
2024-12-31,P010,L13,469
2024-12-31,P010,L14,543
2024-12-31,P010,L15,425
2024-12-31,P010,L16,445
2024-12-31,P010,L17,169
2024-12-31,P010,L18,919
2024-12-31,P010,L19,584
2024-12-31,P010,L20,425
2024-12-31,P011,L01,406
2024-12-31,P011,L02,506
2024-12-31,P011,L03,591
2024-12-31,P011,L04,558
2024-12-31,P011,L05,575
2024-12-31,P011,L06,618
2024-12-31,P011,L07,602
2024-12-31,P011,L08,653
2024-12-31,P011,L09,257
2024-12-31,P011,L10,431
2024-12-31,P011,L11,422
2024-12-31,P011,L12,217
2024-12-31,P011,L13,564
2024-12-31,P011,L14,575
2024-12-31,P011,L15,215
2024-12-31,P011,L16,581
2024-12-31,P011,L17,533
2024-12-31,P011,L18,744
2024-12-31,P011,L19,622
2024-12-31,P011,L20,503
2024-12-31,P012,L01,569
2024-12-31,P012,L02,364
2024-12-31,P012,L03,463
2024-12-31,P012,L04,520
2024-12-31,P012,L05,567
2024-12-31,P012,L06,554
2024-12-31,P012,L07,639
2024-12-31,P012,L08,572
2024-12-31,P012,L09,461
2024-12-31,P012,L10,817
2024-12-31,P012,L11,487
2024-12-31,P012,L12,525
2024-12-31,P012,L13,383
2024-12-31,P012,L14,232
2024-12-31,P012,L15,580
2024-12-31,P012,L16,713
2024-12-31,P012,L17,446
2024-12-31,P012,L18,740
2024-12-31,P012,L19,476
2024-12-31,P012,L20,433
2024-12-31,P013,L01,374
2024-12-31,P013,L02,396
2024-12-31,P013,L03,589
2024-12-31,P013,L04,414
2024-12-31,P013,L05,590
2024-12-31,P013,L06,597
2024-12-31,P013,L07,334
2024-12-31,P013,L08,572
2024-12-31,P013,L09,302
2024-12-31,P013,L10,433
2024-12-31,P013,L11,712
2024-12-31,P013,L12,729
2024-12-31,P013,L13,716
2024-12-31,P013,L14,371
2024-12-31,P013,L15,527
2024-12-31,P013,L16,436
2024-12-31,P013,L17,523
2024-12-31,P013,L18,559
2024-12-31,P013,L19,485
2024-12-31,P013,L20,582
2024-12-31,P014,L01,455
2024-12-31,P014,L02,649
2024-12-31,P014,L03,482
2024-12-31,P014,L04,602
2024-12-31,P014,L05,561
2024-12-31,P014,L06,695
2024-12-31,P014,L07,561
2024-12-31,P014,L08,602
2024-12-31,P014,L09,281
2024-12-31,P014,L10,437
2024-12-31,P014,L11,443
2024-12-31,P014,L12,178
2024-12-31,P014,L13,510
2024-12-31,P014,L14,570
2024-12-31,P014,L15,548
2024-12-31,P014,L16,464
2024-12-31,P014,L17,787
2024-12-31,P014,L18,521
2024-12-31,P014,L19,290
2024-12-31,P014,L20,657
2024-12-31,P015,L01,516
2024-12-31,P015,L02,678
2024-12-31,P015,L03,581
2024-12-31,P015,L04,444
2024-12-31,P015,L05,345
2024-12-31,P015,L06,820
2024-12-31,P015,L07,225
2024-12-31,P015,L08,335
2024-12-31,P015,L09,690
2024-12-31,P015,L10,415
2024-12-31,P015,L11,535
2024-12-31,P015,L12,411
2024-12-31,P015,L13,455
2024-12-31,P015,L14,445
2024-12-31,P015,L15,553
2024-12-31,P015,L16,324
2024-12-31,P015,L17,515
2024-12-31,P015,L18,695
2024-12-31,P015,L19,611
2024-12-31,P015,L20,670
2024-12-31,P016,L01,251
2024-12-31,P016,L02,497
2024-12-31,P016,L03,684
2024-12-31,P016,L04,483
2024-12-31,P016,L05,406
2024-12-31,P016,L06,621
2024-12-31,P016,L07,403
2024-12-31,P016,L08,527
2024-12-31,P016,L09,382
2024-12-31,P016,L10,455
2024-12-31,P016,L11,477
2024-12-31,P016,L12,894
2024-12-31,P016,L13,679
2024-12-31,P016,L14,466
2024-12-31,P016,L15,476
2024-12-31,P016,L16,654
2024-12-31,P016,L17,674
2024-12-31,P016,L18,745
2024-12-31,P016,L19,332
2024-12-31,P016,L20,336
2024-12-31,P017,L01,409
2024-12-31,P017,L02,635
2024-12-31,P017,L03,542
2024-12-31,P017,L04,479
2024-12-31,P017,L05,467
2024-12-31,P017,L06,450
2024-12-31,P017,L07,515
2024-12-31,P017,L08,451
2024-12-31,P017,L09,468
2024-12-31,P017,L10,381
2024-12-31,P017,L11,331
2024-12-31,P017,L12,618
2024-12-31,P017,L13,620
2024-12-31,P017,L14,299
2024-12-31,P017,L15,504
2024-12-31,P017,L16,632
2024-12-31,P017,L17,226
2024-12-31,P017,L18,639
2024-12-31,P017,L19,318
2024-12-31,P017,L20,413
2024-12-31,P018,L01,641
2024-12-31,P018,L02,597
2024-12-31,P018,L03,503
2024-12-31,P018,L04,390
2024-12-31,P018,L05,906
2024-12-31,P018,L06,536
2024-12-31,P018,L07,613
2024-12-31,P018,L08,565
2024-12-31,P018,L09,448
2024-12-31,P018,L10,673
2024-12-31,P018,L11,609
2024-12-31,P018,L12,577
2024-12-31,P018,L13,319
2024-12-31,P018,L14,615
2024-12-31,P018,L15,580
2024-12-31,P018,L16,418
2024-12-31,P018,L17,569
2024-12-31,P018,L18,619
2024-12-31,P018,L19,521
2024-12-31,P018,L20,424
2024-12-31,P019,L01,531
2024-12-31,P019,L02,491
2024-12-31,P019,L03,434
2024-12-31,P019,L04,630
2024-12-31,P019,L05,362
2024-12-31,P019,L06,235
2024-12-31,P019,L07,850
2024-12-31,P019,L08,244
2024-12-31,P019,L09,604
2024-12-31,P019,L10,282
2024-12-31,P019,L11,539
2024-12-31,P019,L12,323
2024-12-31,P019,L13,408
2024-12-31,P019,L14,573
2024-12-31,P019,L15,602
2024-12-31,P019,L16,649
2024-12-31,P019,L17,432
2024-12-31,P019,L18,300
2024-12-31,P019,L19,525
2024-12-31,P019,L20,633
2024-12-31,P020,L01,849
2024-12-31,P020,L02,567
2024-12-31,P020,L03,471
2024-12-31,P020,L04,446
2024-12-31,P020,L05,498
2024-12-31,P020,L06,351
2024-12-31,P020,L07,644
2024-12-31,P020,L08,718
2024-12-31,P020,L09,573
2024-12-31,P020,L10,523
2024-12-31,P020,L11,568
2024-12-31,P020,L12,587
2024-12-31,P020,L13,559
2024-12-31,P020,L14,519
2024-12-31,P020,L15,645
2024-12-31,P020,L16,719
2024-12-31,P020,L17,494
2024-12-31,P020,L18,238
2024-12-31,P020,L19,726
2024-12-31,P020,L20,684
2024-12-31,P021,L01,108
2024-12-31,P021,L02,614
2024-12-31,P021,L03,416
2024-12-31,P021,L04,508
2024-12-31,P021,L05,604
2024-12-31,P021,L06,354
2024-12-31,P021,L07,399
2024-12-31,P021,L08,517
2024-12-31,P021,L09,326
2024-12-31,P021,L10,596
2024-12-31,P021,L11,627
2024-12-31,P021,L12,830
2024-12-31,P021,L13,292
2024-12-31,P021,L14,651
2024-12-31,P021,L15,607
2024-12-31,P021,L16,321
2024-12-31,P021,L17,492
2024-12-31,P021,L18,480
2024-12-31,P021,L19,737
2024-12-31,P021,L20,402
2024-12-31,P022,L01,595
2024-12-31,P022,L02,466
2024-12-31,P022,L03,352
2024-12-31,P022,L04,409
2024-12-31,P022,L05,395
2024-12-31,P022,L06,517
2024-12-31,P022,L07,401
2024-12-31,P022,L08,547
2024-12-31,P022,L09,746
2024-12-31,P022,L10,425
2024-12-31,P022,L11,461
2024-12-31,P022,L12,360
2024-12-31,P022,L13,550
2024-12-31,P022,L14,439
2024-12-31,P022,L15,573
2024-12-31,P022,L16,701
2024-12-31,P022,L17,395
2024-12-31,P022,L18,534
2024-12-31,P022,L19,506
2024-12-31,P022,L20,326
2024-12-31,P023,L01,665
2024-12-31,P023,L02,602
2024-12-31,P023,L03,656
2024-12-31,P023,L04,596
2024-12-31,P023,L05,348
2024-12-31,P023,L06,351
2024-12-31,P023,L07,284
2024-12-31,P023,L08,351
2024-12-31,P023,L09,495
2024-12-31,P023,L10,538
2024-12-31,P023,L11,264
2024-12-31,P023,L12,219
2024-12-31,P023,L13,222
2024-12-31,P023,L14,628
2024-12-31,P023,L15,547
2024-12-31,P023,L16,573
2024-12-31,P023,L17,322
2024-12-31,P023,L18,493
2024-12-31,P023,L19,536
2024-12-31,P023,L20,455
2024-12-31,P024,L01,455
2024-12-31,P024,L02,532
2024-12-31,P024,L03,362
2024-12-31,P024,L04,585
2024-12-31,P024,L05,513
2024-12-31,P024,L06,592
2024-12-31,P024,L07,727
2024-12-31,P024,L08,494
2024-12-31,P024,L09,268
2024-12-31,P024,L10,416
2024-12-31,P024,L11,672
2024-12-31,P024,L12,625
2024-12-31,P024,L13,399
2024-12-31,P024,L14,615
2024-12-31,P024,L15,672
2024-12-31,P024,L16,509
2024-12-31,P024,L17,426
2024-12-31,P024,L18,360
2024-12-31,P024,L19,621
2024-12-31,P024,L20,462
2024-12-31,P025,L01,398
2024-12-31,P025,L02,639
2024-12-31,P025,L03,503
2024-12-31,P025,L04,740
2024-12-31,P025,L05,388
2024-12-31,P025,L06,525
2024-12-31,P025,L07,505
2024-12-31,P025,L08,760
2024-12-31,P025,L09,467
2024-12-31,P025,L10,692
2024-12-31,P025,L11,679
2024-12-31,P025,L12,617
2024-12-31,P025,L13,679
2024-12-31,P025,L14,251
2024-12-31,P025,L15,381
2024-12-31,P025,L16,676
2024-12-31,P025,L17,530
2024-12-31,P025,L18,361
2024-12-31,P025,L19,435
2024-12-31,P025,L20,589
2024-12-31,P026,L01,455
2024-12-31,P026,L02,262
2024-12-31,P026,L03,437
2024-12-31,P026,L04,514
2024-12-31,P026,L05,605
2024-12-31,P026,L06,410
2024-12-31,P026,L07,603
2024-12-31,P026,L08,703
2024-12-31,P026,L09,587
2024-12-31,P026,L10,579
2024-12-31,P026,L11,454
2024-12-31,P026,L12,848
2024-12-31,P026,L13,645
2024-12-31,P026,L14,570
2024-12-31,P026,L15,696
2024-12-31,P026,L16,306
2024-12-31,P026,L17,515
2024-12-31,P026,L18,587
2024-12-31,P026,L19,298
2024-12-31,P026,L20,535
2024-12-31,P027,L01,370
2024-12-31,P027,L02,536
2024-12-31,P027,L03,428
2024-12-31,P027,L04,319
2024-12-31,P027,L05,528
2024-12-31,P027,L06,632
2024-12-31,P027,L07,473
2024-12-31,P027,L08,287
2024-12-31,P027,L09,416
2024-12-31,P027,L10,474
2024-12-31,P027,L11,244
2024-12-31,P027,L12,624
2024-12-31,P027,L13,704
2024-12-31,P027,L14,608
2024-12-31,P027,L15,414
2024-12-31,P027,L16,509
2024-12-31,P027,L17,401
2024-12-31,P027,L18,493
2024-12-31,P027,L19,766
2024-12-31,P027,L20,931
2024-12-31,P028,L01,571
2024-12-31,P028,L02,851
2024-12-31,P028,L03,497
2024-12-31,P028,L04,350
2024-12-31,P028,L05,399
2024-12-31,P028,L06,837
2024-12-31,P028,L07,286
2024-12-31,P028,L08,707
2024-12-31,P028,L09,535
2024-12-31,P028,L10,545
2024-12-31,P028,L11,420
2024-12-31,P028,L12,655
2024-12-31,P028,L13,575
2024-12-31,P028,L14,480
2024-12-31,P028,L15,499
2024-12-31,P028,L16,455
2024-12-31,P028,L17,327
2024-12-31,P028,L18,435
2024-12-31,P028,L19,786
2024-12-31,P028,L20,303
2024-12-31,P029,L01,519
2024-12-31,P029,L02,373
2024-12-31,P029,L03,371
2024-12-31,P029,L04,549
2024-12-31,P029,L05,667
2024-12-31,P029,L06,333
2024-12-31,P029,L07,456
2024-12-31,P029,L08,497
2024-12-31,P029,L09,596
2024-12-31,P029,L10,475
2024-12-31,P029,L11,408
2024-12-31,P029,L12,538
2024-12-31,P029,L13,411
2024-12-31,P029,L14,594
2024-12-31,P029,L15,550
2024-12-31,P029,L16,336
2024-12-31,P029,L17,540
2024-12-31,P029,L18,742
2024-12-31,P029,L19,415
2024-12-31,P029,L20,596
2024-12-31,P030,L01,575
2024-12-31,P030,L02,299
2024-12-31,P030,L03,382
2024-12-31,P030,L04,453
2024-12-31,P030,L05,708
2024-12-31,P030,L06,451
2024-12-31,P030,L07,401
2024-12-31,P030,L08,235
2024-12-31,P030,L09,538
2024-12-31,P030,L10,387
2024-12-31,P030,L11,277
2024-12-31,P030,L12,602
2024-12-31,P030,L13,410
2024-12-31,P030,L14,605
2024-12-31,P030,L15,214
2024-12-31,P030,L16,441
2024-12-31,P030,L17,728
2024-12-31,P030,L18,480
2024-12-31,P030,L19,633
2024-12-31,P030,L20,535
2024-12-31,P031,L01,496
2024-12-31,P031,L02,251
2024-12-31,P031,L03,501
2024-12-31,P031,L04,317
2024-12-31,P031,L05,565
2024-12-31,P031,L06,559
2024-12-31,P031,L07,707
2024-12-31,P031,L08,336
2024-12-31,P031,L09,361
2024-12-31,P031,L10,262
2024-12-31,P031,L11,361
2024-12-31,P031,L12,638
2024-12-31,P031,L13,539
2024-12-31,P031,L14,458
2024-12-31,P031,L15,652
2024-12-31,P031,L16,623
2024-12-31,P031,L17,609
2024-12-31,P031,L18,364
2024-12-31,P031,L19,448
2024-12-31,P031,L20,450
2024-12-31,P032,L01,456
2024-12-31,P032,L02,366
2024-12-31,P032,L03,524
2024-12-31,P032,L04,497
2024-12-31,P032,L05,370
2024-12-31,P032,L06,498
2024-12-31,P032,L07,427
2024-12-31,P032,L08,457
2024-12-31,P032,L09,520
2024-12-31,P032,L10,330
2024-12-31,P032,L11,639
2024-12-31,P032,L12,372
2024-12-31,P032,L13,442
2024-12-31,P032,L14,522
2024-12-31,P032,L15,590
2024-12-31,P032,L16,362
2024-12-31,P032,L17,610
2024-12-31,P032,L18,835
2024-12-31,P032,L19,281
2024-12-31,P032,L20,236
2024-12-31,P033,L01,704
2024-12-31,P033,L02,508
2024-12-31,P033,L03,760
2024-12-31,P033,L04,459
2024-12-31,P033,L05,403
2024-12-31,P033,L06,652
2024-12-31,P033,L07,400
2024-12-31,P033,L08,324
2024-12-31,P033,L09,559
2024-12-31,P033,L10,575
2024-12-31,P033,L11,436
2024-12-31,P033,L12,477
2024-12-31,P033,L13,664
2024-12-31,P033,L14,508
2024-12-31,P033,L15,278
2024-12-31,P033,L16,442
2024-12-31,P033,L17,531
2024-12-31,P033,L18,723
2024-12-31,P033,L19,243
2024-12-31,P033,L20,610
2024-12-31,P034,L01,396
2024-12-31,P034,L02,400
2024-12-31,P034,L03,355
2024-12-31,P034,L04,510
2024-12-31,P034,L05,714
2024-12-31,P034,L06,433
2024-12-31,P034,L07,623
2024-12-31,P034,L08,569
2024-12-31,P034,L09,607
2024-12-31,P034,L10,610
2024-12-31,P034,L11,422
2024-12-31,P034,L12,514
2024-12-31,P034,L13,483
2024-12-31,P034,L14,600
2024-12-31,P034,L15,606
2024-12-31,P034,L16,652
2024-12-31,P034,L17,476
2024-12-31,P034,L18,597
2024-12-31,P034,L19,324
2024-12-31,P034,L20,425
2024-12-31,P035,L01,750
2024-12-31,P035,L02,212
2024-12-31,P035,L03,403
2024-12-31,P035,L04,634
2024-12-31,P035,L05,677
2024-12-31,P035,L06,635
2024-12-31,P035,L07,387
2024-12-31,P035,L08,458
2024-12-31,P035,L09,383
2024-12-31,P035,L10,540
2024-12-31,P035,L11,517
2024-12-31,P035,L12,87
2024-12-31,P035,L13,336
2024-12-31,P035,L14,766
2024-12-31,P035,L15,431
2024-12-31,P035,L16,681
2024-12-31,P035,L17,598
2024-12-31,P035,L18,426
2024-12-31,P035,L19,223
2024-12-31,P035,L20,793
2024-12-31,P036,L01,550
2024-12-31,P036,L02,489
2024-12-31,P036,L03,441
2024-12-31,P036,L04,529
2024-12-31,P036,L05,640
2024-12-31,P036,L06,683
2024-12-31,P036,L07,396
2024-12-31,P036,L08,427
2024-12-31,P036,L09,364
2024-12-31,P036,L10,570
2024-12-31,P036,L11,506
2024-12-31,P036,L12,701
2024-12-31,P036,L13,285
2024-12-31,P036,L14,653
2024-12-31,P036,L15,803
2024-12-31,P036,L16,471
2024-12-31,P036,L17,487
2024-12-31,P036,L18,437
2024-12-31,P036,L19,612
2024-12-31,P036,L20,651
2024-12-31,P037,L01,686
2024-12-31,P037,L02,470
2024-12-31,P037,L03,419
2024-12-31,P037,L04,502
2024-12-31,P037,L05,583
2024-12-31,P037,L06,451
2024-12-31,P037,L07,547
2024-12-31,P037,L08,689
2024-12-31,P037,L09,565
2024-12-31,P037,L10,563
2024-12-31,P037,L11,398
2024-12-31,P037,L12,247
2024-12-31,P037,L13,587
2024-12-31,P037,L14,523
2024-12-31,P037,L15,623
2024-12-31,P037,L16,628
2024-12-31,P037,L17,807
2024-12-31,P037,L18,586
2024-12-31,P037,L19,478
2024-12-31,P037,L20,502
2024-12-31,P038,L01,249
2024-12-31,P038,L02,524
2024-12-31,P038,L03,413
2024-12-31,P038,L04,263
2024-12-31,P038,L05,668
2024-12-31,P038,L06,795
2024-12-31,P038,L07,542
2024-12-31,P038,L08,519
2024-12-31,P038,L09,647
2024-12-31,P038,L10,491
2024-12-31,P038,L11,424
2024-12-31,P038,L12,371
2024-12-31,P038,L13,585
2024-12-31,P038,L14,807
2024-12-31,P038,L15,541
2024-12-31,P038,L16,700
2024-12-31,P038,L17,504
2024-12-31,P038,L18,238
2024-12-31,P038,L19,446
2024-12-31,P038,L20,435
2024-12-31,P039,L01,526
2024-12-31,P039,L02,364
2024-12-31,P039,L03,525
2024-12-31,P039,L04,453
2024-12-31,P039,L05,671
2024-12-31,P039,L06,653
2024-12-31,P039,L07,467
2024-12-31,P039,L08,596
2024-12-31,P039,L09,481
2024-12-31,P039,L10,574
2024-12-31,P039,L11,577
2024-12-31,P039,L12,370
2024-12-31,P039,L13,646
2024-12-31,P039,L14,319
2024-12-31,P039,L15,416
2024-12-31,P039,L16,762
2024-12-31,P039,L17,668
2024-12-31,P039,L18,350
2024-12-31,P039,L19,591
2024-12-31,P039,L20,340
2024-12-31,P040,L01,296
2024-12-31,P040,L02,304
2024-12-31,P040,L03,602
2024-12-31,P040,L04,599
2024-12-31,P040,L05,523
2024-12-31,P040,L06,323
2024-12-31,P040,L07,382
2024-12-31,P040,L08,413
2024-12-31,P040,L09,496
2024-12-31,P040,L10,657
2024-12-31,P040,L11,576
2024-12-31,P040,L12,248
2024-12-31,P040,L13,657
2024-12-31,P040,L14,551
2024-12-31,P040,L15,658
2024-12-31,P040,L16,543
2024-12-31,P040,L17,554
2024-12-31,P040,L18,493
2024-12-31,P040,L19,713
2024-12-31,P040,L20,502
2024-12-31,P041,L01,445
2024-12-31,P041,L02,498
2024-12-31,P041,L03,398
2024-12-31,P041,L04,378
2024-12-31,P041,L05,777
2024-12-31,P041,L06,560
2024-12-31,P041,L07,589
2024-12-31,P041,L08,406
2024-12-31,P041,L09,602
2024-12-31,P041,L10,435
2024-12-31,P041,L11,482
2024-12-31,P041,L12,357
2024-12-31,P041,L13,871
2024-12-31,P041,L14,508
2024-12-31,P041,L15,446
2024-12-31,P041,L16,650
2024-12-31,P041,L17,641
2024-12-31,P041,L18,392
2024-12-31,P041,L19,764
2024-12-31,P041,L20,806
2024-12-31,P042,L01,426
2024-12-31,P042,L02,586
2024-12-31,P042,L03,573
2024-12-31,P042,L04,504
2024-12-31,P042,L05,692
2024-12-31,P042,L06,353
2024-12-31,P042,L07,531
2024-12-31,P042,L08,182
2024-12-31,P042,L09,546
2024-12-31,P042,L10,231
2024-12-31,P042,L11,541
2024-12-31,P042,L12,539
2024-12-31,P042,L13,531
2024-12-31,P042,L14,383
2024-12-31,P042,L15,644
2024-12-31,P042,L16,525
2024-12-31,P042,L17,474
2024-12-31,P042,L18,378
2024-12-31,P042,L19,396
2024-12-31,P042,L20,263
2024-12-31,P043,L01,612
2024-12-31,P043,L02,711
2024-12-31,P043,L03,346
2024-12-31,P043,L04,328
2024-12-31,P043,L05,438
2024-12-31,P043,L06,635
2024-12-31,P043,L07,538
2024-12-31,P043,L08,396
2024-12-31,P043,L09,358
2024-12-31,P043,L10,526
2024-12-31,P043,L11,538
2024-12-31,P043,L12,534
2024-12-31,P043,L13,393
2024-12-31,P043,L14,538
2024-12-31,P043,L15,627
2024-12-31,P043,L16,522
2024-12-31,P043,L17,427
2024-12-31,P043,L18,484
2024-12-31,P043,L19,589
2024-12-31,P043,L20,631
2024-12-31,P044,L01,251
2024-12-31,P044,L02,398
2024-12-31,P044,L03,587
2024-12-31,P044,L04,512
2024-12-31,P044,L05,345
2024-12-31,P044,L06,533
2024-12-31,P044,L07,833
2024-12-31,P044,L08,369
2024-12-31,P044,L09,634
2024-12-31,P044,L10,501
2024-12-31,P044,L11,825
2024-12-31,P044,L12,430
2024-12-31,P044,L13,705
2024-12-31,P044,L14,277
2024-12-31,P044,L15,475
2024-12-31,P044,L16,512
2024-12-31,P044,L17,341
2024-12-31,P044,L18,467
2024-12-31,P044,L19,309
2024-12-31,P044,L20,520
2024-12-31,P045,L01,264
2024-12-31,P045,L02,410
2024-12-31,P045,L03,739
2024-12-31,P045,L04,371
2024-12-31,P045,L05,451
2024-12-31,P045,L06,576
2024-12-31,P045,L07,696
2024-12-31,P045,L08,563
2024-12-31,P045,L09,637
2024-12-31,P045,L10,423
2024-12-31,P045,L11,432
2024-12-31,P045,L12,392
2024-12-31,P045,L13,558
2024-12-31,P045,L14,523
2024-12-31,P045,L15,363
2024-12-31,P045,L16,476
2024-12-31,P045,L17,560
2024-12-31,P045,L18,692
2024-12-31,P045,L19,781
2024-12-31,P045,L20,734
2024-12-31,P046,L01,431
2024-12-31,P046,L02,386
2024-12-31,P046,L03,528
2024-12-31,P046,L04,626
2024-12-31,P046,L05,412
2024-12-31,P046,L06,377
2024-12-31,P046,L07,850
2024-12-31,P046,L08,475
2024-12-31,P046,L09,471
2024-12-31,P046,L10,418
2024-12-31,P046,L11,541
2024-12-31,P046,L12,480
2024-12-31,P046,L13,429
2024-12-31,P046,L14,594
2024-12-31,P046,L15,355
2024-12-31,P046,L16,448
2024-12-31,P046,L17,470
2024-12-31,P046,L18,481
2024-12-31,P046,L19,564
2024-12-31,P046,L20,372
2024-12-31,P047,L01,344
2024-12-31,P047,L02,533
2024-12-31,P047,L03,462
2024-12-31,P047,L04,526
2024-12-31,P047,L05,460
2024-12-31,P047,L06,662
2024-12-31,P047,L07,826
2024-12-31,P047,L08,403
2024-12-31,P047,L09,389
2024-12-31,P047,L10,312
2024-12-31,P047,L11,356
2024-12-31,P047,L12,651
2024-12-31,P047,L13,651
2024-12-31,P047,L14,438
2024-12-31,P047,L15,667
2024-12-31,P047,L16,490
2024-12-31,P047,L17,407
2024-12-31,P047,L18,603
2024-12-31,P047,L19,768
2024-12-31,P047,L20,587
2024-12-31,P048,L01,428
2024-12-31,P048,L02,785
2024-12-31,P048,L03,275
2024-12-31,P048,L04,643
2024-12-31,P048,L05,639
2024-12-31,P048,L06,749
2024-12-31,P048,L07,668
2024-12-31,P048,L08,382
2024-12-31,P048,L09,509
2024-12-31,P048,L10,604
2024-12-31,P048,L11,399
2024-12-31,P048,L12,536
2024-12-31,P048,L13,647
2024-12-31,P048,L14,340
2024-12-31,P048,L15,640
2024-12-31,P048,L16,349
2024-12-31,P048,L17,423
2024-12-31,P048,L18,536
2024-12-31,P048,L19,547
2024-12-31,P048,L20,583
2024-12-31,P049,L01,551
2024-12-31,P049,L02,489
2024-12-31,P049,L03,729
2024-12-31,P049,L04,338
2024-12-31,P049,L05,575
2024-12-31,P049,L06,419
2024-12-31,P049,L07,449
2024-12-31,P049,L08,448
2024-12-31,P049,L09,429
2024-12-31,P049,L10,749
2024-12-31,P049,L11,526
2024-12-31,P049,L12,430
2024-12-31,P049,L13,569
2024-12-31,P049,L14,560
2024-12-31,P049,L15,601
2024-12-31,P049,L16,649
2024-12-31,P049,L17,571
2024-12-31,P049,L18,597
2024-12-31,P049,L19,621
2024-12-31,P049,L20,523
2024-12-31,P050,L01,647
2024-12-31,P050,L02,517
2024-12-31,P050,L03,653
2024-12-31,P050,L04,701
2024-12-31,P050,L05,504
2024-12-31,P050,L06,789
2024-12-31,P050,L07,496
2024-12-31,P050,L08,359
2024-12-31,P050,L09,321
2024-12-31,P050,L10,540
2024-12-31,P050,L11,334
2024-12-31,P050,L12,329
2024-12-31,P050,L13,338
2024-12-31,P050,L14,291
2024-12-31,P050,L15,478
2024-12-31,P050,L16,425
2024-12-31,P050,L17,409
2024-12-31,P050,L18,409
2024-12-31,P050,L19,570
2024-12-31,P050,L20,543
2024-12-31,P051,L01,653
2024-12-31,P051,L02,453
2024-12-31,P051,L03,360
2024-12-31,P051,L04,730
2024-12-31,P051,L05,264
2024-12-31,P051,L06,608
2024-12-31,P051,L07,530
2024-12-31,P051,L08,460
2024-12-31,P051,L09,782
2024-12-31,P051,L10,463
2024-12-31,P051,L11,764
2024-12-31,P051,L12,726
2024-12-31,P051,L13,724
2024-12-31,P051,L14,505
2024-12-31,P051,L15,505
2024-12-31,P051,L16,547
2024-12-31,P051,L17,457
2024-12-31,P051,L18,519
2024-12-31,P051,L19,522
2024-12-31,P051,L20,572
2024-12-31,P052,L01,338
2024-12-31,P052,L02,189
2024-12-31,P052,L03,512
2024-12-31,P052,L04,405
2024-12-31,P052,L05,518
2024-12-31,P052,L06,357
2024-12-31,P052,L07,565
2024-12-31,P052,L08,452
2024-12-31,P052,L09,631
2024-12-31,P052,L10,234
2024-12-31,P052,L11,430
2024-12-31,P052,L12,458
2024-12-31,P052,L13,793
2024-12-31,P052,L14,709
2024-12-31,P052,L15,706
2024-12-31,P052,L16,393
2024-12-31,P052,L17,596
2024-12-31,P052,L18,457
2024-12-31,P052,L19,569
2024-12-31,P052,L20,227
2024-12-31,P053,L01,826
2024-12-31,P053,L02,534
2024-12-31,P053,L03,401
2024-12-31,P053,L04,378
2024-12-31,P053,L05,608
2024-12-31,P053,L06,610
2024-12-31,P053,L07,362
2024-12-31,P053,L08,296
2024-12-31,P053,L09,483
2024-12-31,P053,L10,124
2024-12-31,P053,L11,559
2024-12-31,P053,L12,660
2024-12-31,P053,L13,463
2024-12-31,P053,L14,471
2024-12-31,P053,L15,657
2024-12-31,P053,L16,899
2024-12-31,P053,L17,350
2024-12-31,P053,L18,544
2024-12-31,P053,L19,582
2024-12-31,P053,L20,463
2024-12-31,P054,L01,456
2024-12-31,P054,L02,531
2024-12-31,P054,L03,354
2024-12-31,P054,L04,544
2024-12-31,P054,L05,469
2024-12-31,P054,L06,384
2024-12-31,P054,L07,560
2024-12-31,P054,L08,345
2024-12-31,P054,L09,720
2024-12-31,P054,L10,400
2024-12-31,P054,L11,383
2024-12-31,P054,L12,803
2024-12-31,P054,L13,580
2024-12-31,P054,L14,574
2024-12-31,P054,L15,397
2024-12-31,P054,L16,446
2024-12-31,P054,L17,525
2024-12-31,P054,L18,139
2024-12-31,P054,L19,414
2024-12-31,P054,L20,628
2024-12-31,P055,L01,433
2024-12-31,P055,L02,507
2024-12-31,P055,L03,676
2024-12-31,P055,L04,445
2024-12-31,P055,L05,530
2024-12-31,P055,L06,491
2024-12-31,P055,L07,463
2024-12-31,P055,L08,559
2024-12-31,P055,L09,578
2024-12-31,P055,L10,688
2024-12-31,P055,L11,361
2024-12-31,P055,L12,1036
2024-12-31,P055,L13,859
2024-12-31,P055,L14,787
2024-12-31,P055,L15,908
2024-12-31,P055,L16,633
2024-12-31,P055,L17,433
2024-12-31,P055,L18,371
2024-12-31,P055,L19,768
2024-12-31,P055,L20,513
2024-12-31,P056,L01,336
2024-12-31,P056,L02,450
2024-12-31,P056,L03,461
2024-12-31,P056,L04,364
2024-12-31,P056,L05,546
2024-12-31,P056,L06,507
2024-12-31,P056,L07,596
2024-12-31,P056,L08,473
2024-12-31,P056,L09,729
2024-12-31,P056,L10,481
2024-12-31,P056,L11,624
2024-12-31,P056,L12,418
2024-12-31,P056,L13,467
2024-12-31,P056,L14,630
2024-12-31,P056,L15,775
2024-12-31,P056,L16,440
2024-12-31,P056,L17,242
2024-12-31,P056,L18,742
2024-12-31,P056,L19,665
2024-12-31,P056,L20,495
2024-12-31,P057,L01,576
2024-12-31,P057,L02,297
2024-12-31,P057,L03,557
2024-12-31,P057,L04,604
2024-12-31,P057,L05,437
2024-12-31,P057,L06,261
2024-12-31,P057,L07,453
2024-12-31,P057,L08,386
2024-12-31,P057,L09,475
2024-12-31,P057,L10,304
2024-12-31,P057,L11,622
2024-12-31,P057,L12,343
2024-12-31,P057,L13,452
2024-12-31,P057,L14,483
2024-12-31,P057,L15,514
2024-12-31,P057,L16,515
2024-12-31,P057,L17,355
2024-12-31,P057,L18,585
2024-12-31,P057,L19,654
2024-12-31,P057,L20,463
2024-12-31,P058,L01,257
2024-12-31,P058,L02,700
2024-12-31,P058,L03,579
2024-12-31,P058,L04,366
2024-12-31,P058,L05,402
2024-12-31,P058,L06,661
2024-12-31,P058,L07,403
2024-12-31,P058,L08,432
2024-12-31,P058,L09,531
2024-12-31,P058,L10,663
2024-12-31,P058,L11,452
2024-12-31,P058,L12,399
2024-12-31,P058,L13,700
2024-12-31,P058,L14,427
2024-12-31,P058,L15,465
2024-12-31,P058,L16,218
2024-12-31,P058,L17,293
2024-12-31,P058,L18,740
2024-12-31,P058,L19,652
2024-12-31,P058,L20,490
2024-12-31,P059,L01,719
2024-12-31,P059,L02,386
2024-12-31,P059,L03,489
2024-12-31,P059,L04,323
2024-12-31,P059,L05,554
2024-12-31,P059,L06,494
2024-12-31,P059,L07,710
2024-12-31,P059,L08,409
2024-12-31,P059,L09,769
2024-12-31,P059,L10,609
2024-12-31,P059,L11,459
2024-12-31,P059,L12,288
2024-12-31,P059,L13,331
2024-12-31,P059,L14,194
2024-12-31,P059,L15,296
2024-12-31,P059,L16,548
2024-12-31,P059,L17,230
2024-12-31,P059,L18,665
2024-12-31,P059,L19,574
2024-12-31,P059,L20,444
2024-12-31,P060,L01,279
2024-12-31,P060,L02,700
2024-12-31,P060,L03,538
2024-12-31,P060,L04,666
2024-12-31,P060,L05,306
2024-12-31,P060,L06,473
2024-12-31,P060,L07,415
2024-12-31,P060,L08,537
2024-12-31,P060,L09,538
2024-12-31,P060,L10,428
2024-12-31,P060,L11,407
2024-12-31,P060,L12,590
2024-12-31,P060,L13,146
2024-12-31,P060,L14,300
2024-12-31,P060,L15,594
2024-12-31,P060,L16,697
2024-12-31,P060,L17,465
2024-12-31,P060,L18,429
2024-12-31,P060,L19,735
2024-12-31,P060,L20,554
2024-12-31,P061,L01,601
2024-12-31,P061,L02,424
2024-12-31,P061,L03,493
2024-12-31,P061,L04,419
2024-12-31,P061,L05,597
2024-12-31,P061,L06,636
2024-12-31,P061,L07,216
2024-12-31,P061,L08,621
2024-12-31,P061,L09,595
2024-12-31,P061,L10,632
2024-12-31,P061,L11,775
2024-12-31,P061,L12,599
2024-12-31,P061,L13,476
2024-12-31,P061,L14,414
2024-12-31,P061,L15,450
2024-12-31,P061,L16,348
2024-12-31,P061,L17,336
2024-12-31,P061,L18,402
2024-12-31,P061,L19,487
2024-12-31,P061,L20,366
2024-12-31,P062,L01,382
2024-12-31,P062,L02,527
2024-12-31,P062,L03,481
2024-12-31,P062,L04,720
2024-12-31,P062,L05,752
2024-12-31,P062,L06,649
2024-12-31,P062,L07,622
2024-12-31,P062,L08,632
2024-12-31,P062,L09,584
2024-12-31,P062,L10,620
2024-12-31,P062,L11,534
2024-12-31,P062,L12,383
2024-12-31,P062,L13,498
2024-12-31,P062,L14,392
2024-12-31,P062,L15,282
2024-12-31,P062,L16,628
2024-12-31,P062,L17,528
2024-12-31,P062,L18,458
2024-12-31,P062,L19,538
2024-12-31,P062,L20,558
2024-12-31,P063,L01,265
2024-12-31,P063,L02,585
2024-12-31,P063,L03,232
2024-12-31,P063,L04,526
2024-12-31,P063,L05,815
2024-12-31,P063,L06,289
2024-12-31,P063,L07,461
2024-12-31,P063,L08,689
2024-12-31,P063,L09,348
2024-12-31,P063,L10,653
2024-12-31,P063,L11,370
2024-12-31,P063,L12,611
2024-12-31,P063,L13,663
2024-12-31,P063,L14,415
2024-12-31,P063,L15,414
2024-12-31,P063,L16,465
2024-12-31,P063,L17,292
2024-12-31,P063,L18,453
2024-12-31,P063,L19,731
2024-12-31,P063,L20,742
2024-12-31,P064,L01,240
2024-12-31,P064,L02,758
2024-12-31,P064,L03,665
2024-12-31,P064,L04,655
2024-12-31,P064,L05,322
2024-12-31,P064,L06,537
2024-12-31,P064,L07,253
2024-12-31,P064,L08,266
2024-12-31,P064,L09,231
2024-12-31,P064,L10,258
2024-12-31,P064,L11,602
2024-12-31,P064,L12,559
2024-12-31,P064,L13,502
2024-12-31,P064,L14,604
2024-12-31,P064,L15,630
2024-12-31,P064,L16,476
2024-12-31,P064,L17,346
2024-12-31,P064,L18,674
2024-12-31,P064,L19,671
2024-12-31,P064,L20,336
2024-12-31,P065,L01,630
2024-12-31,P065,L02,803
2024-12-31,P065,L03,364
2024-12-31,P065,L04,559
2024-12-31,P065,L05,567
2024-12-31,P065,L06,585
2024-12-31,P065,L07,625
2024-12-31,P065,L08,769
2024-12-31,P065,L09,847
2024-12-31,P065,L10,106
2024-12-31,P065,L11,798
2024-12-31,P065,L12,507
2024-12-31,P065,L13,752
2024-12-31,P065,L14,590
2024-12-31,P065,L15,526
2024-12-31,P065,L16,571
2024-12-31,P065,L17,312
2024-12-31,P065,L18,445
2024-12-31,P065,L19,401
2024-12-31,P065,L20,718
2024-12-31,P066,L01,304
2024-12-31,P066,L02,531
2024-12-31,P066,L03,613
2024-12-31,P066,L04,736
2024-12-31,P066,L05,640
2024-12-31,P066,L06,617
2024-12-31,P066,L07,686
2024-12-31,P066,L08,456
2024-12-31,P066,L09,450
2024-12-31,P066,L10,513
2024-12-31,P066,L11,606
2024-12-31,P066,L12,468
2024-12-31,P066,L13,579
2024-12-31,P066,L14,716
2024-12-31,P066,L15,735
2024-12-31,P066,L16,611
2024-12-31,P066,L17,361
2024-12-31,P066,L18,506
2024-12-31,P066,L19,603
2024-12-31,P066,L20,664
2024-12-31,P067,L01,615
2024-12-31,P067,L02,393
2024-12-31,P067,L03,384
2024-12-31,P067,L04,469
2024-12-31,P067,L05,502
2024-12-31,P067,L06,610
2024-12-31,P067,L07,470
2024-12-31,P067,L08,535
2024-12-31,P067,L09,550
2024-12-31,P067,L10,142
2024-12-31,P067,L11,630
2024-12-31,P067,L12,445
2024-12-31,P067,L13,800
2024-12-31,P067,L14,557
2024-12-31,P067,L15,489
2024-12-31,P067,L16,378
2024-12-31,P067,L17,618
2024-12-31,P067,L18,518
2024-12-31,P067,L19,679
2024-12-31,P067,L20,401
2024-12-31,P068,L01,562
2024-12-31,P068,L02,549
2024-12-31,P068,L03,603
2024-12-31,P068,L04,236
2024-12-31,P068,L05,681
2024-12-31,P068,L06,613
2024-12-31,P068,L07,489
2024-12-31,P068,L08,358
2024-12-31,P068,L09,300
2024-12-31,P068,L10,385
2024-12-31,P068,L11,707
2024-12-31,P068,L12,449
2024-12-31,P068,L13,340
2024-12-31,P068,L14,482
2024-12-31,P068,L15,701
2024-12-31,P068,L16,518
2024-12-31,P068,L17,460
2024-12-31,P068,L18,467
2024-12-31,P068,L19,428
2024-12-31,P068,L20,292
2024-12-31,P069,L01,469
2024-12-31,P069,L02,592
2024-12-31,P069,L03,220
2024-12-31,P069,L04,361
2024-12-31,P069,L05,531
2024-12-31,P069,L06,354
2024-12-31,P069,L07,185
2024-12-31,P069,L08,307
2024-12-31,P069,L09,686
2024-12-31,P069,L10,366
2024-12-31,P069,L11,423
2024-12-31,P069,L12,711
2024-12-31,P069,L13,366
2024-12-31,P069,L14,382
2024-12-31,P069,L15,377
2024-12-31,P069,L16,560
2024-12-31,P069,L17,442
2024-12-31,P069,L18,382
2024-12-31,P069,L19,619
2024-12-31,P069,L20,693
2024-12-31,P070,L01,481
2024-12-31,P070,L02,413
2024-12-31,P070,L03,363
2024-12-31,P070,L04,625
2024-12-31,P070,L05,276
2024-12-31,P070,L06,529
2024-12-31,P070,L07,564
2024-12-31,P070,L08,370
2024-12-31,P070,L09,674
2024-12-31,P070,L10,340
2024-12-31,P070,L11,557
2024-12-31,P070,L12,693
2024-12-31,P070,L13,490
2024-12-31,P070,L14,609
2024-12-31,P070,L15,542
2024-12-31,P070,L16,514
2024-12-31,P070,L17,689
2024-12-31,P070,L18,385
2024-12-31,P070,L19,420
2024-12-31,P070,L20,474
2024-12-31,P071,L01,655
2024-12-31,P071,L02,298
2024-12-31,P071,L03,542
2024-12-31,P071,L04,436
2024-12-31,P071,L05,621
2024-12-31,P071,L06,357
2024-12-31,P071,L07,472
2024-12-31,P071,L08,346
2024-12-31,P071,L09,507
2024-12-31,P071,L10,665
2024-12-31,P071,L11,561
2024-12-31,P071,L12,403
2024-12-31,P071,L13,353
2024-12-31,P071,L14,742
2024-12-31,P071,L15,510
2024-12-31,P071,L16,517
2024-12-31,P071,L17,313
2024-12-31,P071,L18,619
2024-12-31,P071,L19,339
2024-12-31,P071,L20,541
2024-12-31,P072,L01,433
2024-12-31,P072,L02,593
2024-12-31,P072,L03,335
2024-12-31,P072,L04,255
2024-12-31,P072,L05,451
2024-12-31,P072,L06,393
2024-12-31,P072,L07,769
2024-12-31,P072,L08,589
2024-12-31,P072,L09,516
2024-12-31,P072,L10,660
2024-12-31,P072,L11,232
2024-12-31,P072,L12,199
2024-12-31,P072,L13,478
2024-12-31,P072,L14,683
2024-12-31,P072,L15,470
2024-12-31,P072,L16,538
2024-12-31,P072,L17,482
2024-12-31,P072,L18,359
2024-12-31,P072,L19,583
2024-12-31,P072,L20,643
2024-12-31,P073,L01,464
2024-12-31,P073,L02,475
2024-12-31,P073,L03,335
2024-12-31,P073,L04,389
2024-12-31,P073,L05,335
2024-12-31,P073,L06,570
2024-12-31,P073,L07,528
2024-12-31,P073,L08,199
2024-12-31,P073,L09,563
2024-12-31,P073,L10,316
2024-12-31,P073,L11,263
2024-12-31,P073,L12,520
2024-12-31,P073,L13,402
2024-12-31,P073,L14,833
2024-12-31,P073,L15,632
2024-12-31,P073,L16,617
2024-12-31,P073,L17,594
2024-12-31,P073,L18,343
2024-12-31,P073,L19,432
2024-12-31,P073,L20,507
2024-12-31,P074,L01,506
2024-12-31,P074,L02,482
2024-12-31,P074,L03,237
2024-12-31,P074,L04,516
2024-12-31,P074,L05,383
2024-12-31,P074,L06,413
2024-12-31,P074,L07,290
2024-12-31,P074,L08,621
2024-12-31,P074,L09,471
2024-12-31,P074,L10,644
2024-12-31,P074,L11,297
2024-12-31,P074,L12,428
2024-12-31,P074,L13,498
2024-12-31,P074,L14,648
2024-12-31,P074,L15,453
2024-12-31,P074,L16,512
2024-12-31,P074,L17,527
2024-12-31,P074,L18,732
2024-12-31,P074,L19,380
2024-12-31,P074,L20,409
2024-12-31,P075,L01,555
2024-12-31,P075,L02,564
2024-12-31,P075,L03,609
2024-12-31,P075,L04,686
2024-12-31,P075,L05,851
2024-12-31,P075,L06,754
2024-12-31,P075,L07,360
2024-12-31,P075,L08,428
2024-12-31,P075,L09,592
2024-12-31,P075,L10,351
2024-12-31,P075,L11,456
2024-12-31,P075,L12,678
2024-12-31,P075,L13,466
2024-12-31,P075,L14,461
2024-12-31,P075,L15,112
2024-12-31,P075,L16,506
2024-12-31,P075,L17,438
2024-12-31,P075,L18,504
2024-12-31,P075,L19,543
2024-12-31,P075,L20,295
2024-12-31,P076,L01,487
2024-12-31,P076,L02,267
2024-12-31,P076,L03,861
2024-12-31,P076,L04,703
2024-12-31,P076,L05,473
2024-12-31,P076,L06,365
2024-12-31,P076,L07,666
2024-12-31,P076,L08,668
2024-12-31,P076,L09,416
2024-12-31,P076,L10,461
2024-12-31,P076,L11,560
2024-12-31,P076,L12,538
2024-12-31,P076,L13,712
2024-12-31,P076,L14,330
2024-12-31,P076,L15,584
2024-12-31,P076,L16,303
2024-12-31,P076,L17,303
2024-12-31,P076,L18,516
2024-12-31,P076,L19,546
2024-12-31,P076,L20,678
2024-12-31,P077,L01,449
2024-12-31,P077,L02,524
2024-12-31,P077,L03,507
2024-12-31,P077,L04,487
2024-12-31,P077,L05,591
2024-12-31,P077,L06,391
2024-12-31,P077,L07,314
2024-12-31,P077,L08,438
2024-12-31,P077,L09,671
2024-12-31,P077,L10,438
2024-12-31,P077,L11,562
2024-12-31,P077,L12,379
2024-12-31,P077,L13,517
2024-12-31,P077,L14,655
2024-12-31,P077,L15,617
2024-12-31,P077,L16,762
2024-12-31,P077,L17,705
2024-12-31,P077,L18,458
2024-12-31,P077,L19,344
2024-12-31,P077,L20,325
2024-12-31,P078,L01,714
2024-12-31,P078,L02,463
2024-12-31,P078,L03,535
2024-12-31,P078,L04,576
2024-12-31,P078,L05,485
2024-12-31,P078,L06,596
2024-12-31,P078,L07,382
2024-12-31,P078,L08,529
2024-12-31,P078,L09,666
2024-12-31,P078,L10,647
2024-12-31,P078,L11,508
2024-12-31,P078,L12,605
2024-12-31,P078,L13,586
2024-12-31,P078,L14,379
2024-12-31,P078,L15,389
2024-12-31,P078,L16,516
2024-12-31,P078,L17,348
2024-12-31,P078,L18,373
2024-12-31,P078,L19,608
2024-12-31,P078,L20,475
2024-12-31,P079,L01,382
2024-12-31,P079,L02,748
2024-12-31,P079,L03,681
2024-12-31,P079,L04,544
2024-12-31,P079,L05,456
2024-12-31,P079,L06,370
2024-12-31,P079,L07,618
2024-12-31,P079,L08,462
2024-12-31,P079,L09,322
2024-12-31,P079,L10,450
2024-12-31,P079,L11,593
2024-12-31,P079,L12,414
2024-12-31,P079,L13,415
2024-12-31,P079,L14,488
2024-12-31,P079,L15,319
2024-12-31,P079,L16,788
2024-12-31,P079,L17,609
2024-12-31,P079,L18,410
2024-12-31,P079,L19,429
2024-12-31,P079,L20,728
2024-12-31,P080,L01,543
2024-12-31,P080,L02,490
2024-12-31,P080,L03,329
2024-12-31,P080,L04,699
2024-12-31,P080,L05,585
2024-12-31,P080,L06,492
2024-12-31,P080,L07,456
2024-12-31,P080,L08,450
2024-12-31,P080,L09,275
2024-12-31,P080,L10,577
2024-12-31,P080,L11,520
2024-12-31,P080,L12,307
2024-12-31,P080,L13,346
2024-12-31,P080,L14,354
2024-12-31,P080,L15,654
2024-12-31,P080,L16,160
2024-12-31,P080,L17,617
2024-12-31,P080,L18,418
2024-12-31,P080,L19,385
2024-12-31,P080,L20,458
2024-12-31,P081,L01,784
2024-12-31,P081,L02,611
2024-12-31,P081,L03,581
2024-12-31,P081,L04,394
2024-12-31,P081,L05,414
2024-12-31,P081,L06,363
2024-12-31,P081,L07,288
2024-12-31,P081,L08,736
2024-12-31,P081,L09,704
2024-12-31,P081,L10,408
2024-12-31,P081,L11,494
2024-12-31,P081,L12,483
2024-12-31,P081,L13,255
2024-12-31,P081,L14,617
2024-12-31,P081,L15,673
2024-12-31,P081,L16,497
2024-12-31,P081,L17,588
2024-12-31,P081,L18,566
2024-12-31,P081,L19,280
2024-12-31,P081,L20,561
2024-12-31,P082,L01,596
2024-12-31,P082,L02,778
2024-12-31,P082,L03,232
2024-12-31,P082,L04,498
2024-12-31,P082,L05,316
2024-12-31,P082,L06,425
2024-12-31,P082,L07,657
2024-12-31,P082,L08,441
2024-12-31,P082,L09,329
2024-12-31,P082,L10,289
2024-12-31,P082,L11,686
2024-12-31,P082,L12,711
2024-12-31,P082,L13,453
2024-12-31,P082,L14,572
2024-12-31,P082,L15,644
2024-12-31,P082,L16,302
2024-12-31,P082,L17,519
2024-12-31,P082,L18,466
2024-12-31,P082,L19,606
2024-12-31,P082,L20,699
2024-12-31,P083,L01,491
2024-12-31,P083,L02,469
2024-12-31,P083,L03,748
2024-12-31,P083,L04,484
2024-12-31,P083,L05,491
2024-12-31,P083,L06,564
2024-12-31,P083,L07,578
2024-12-31,P083,L08,472
2024-12-31,P083,L09,387
2024-12-31,P083,L10,482
2024-12-31,P083,L11,385
2024-12-31,P083,L12,634
2024-12-31,P083,L13,69
2024-12-31,P083,L14,193
2024-12-31,P083,L15,488
2024-12-31,P083,L16,733
2024-12-31,P083,L17,557
2024-12-31,P083,L18,404
2024-12-31,P083,L19,329
2024-12-31,P083,L20,614
2024-12-31,P084,L01,792
2024-12-31,P084,L02,425
2024-12-31,P084,L03,761
2024-12-31,P084,L04,509
2024-12-31,P084,L05,405
2024-12-31,P084,L06,470
2024-12-31,P084,L07,392
2024-12-31,P084,L08,228
2024-12-31,P084,L09,582
2024-12-31,P084,L10,425
2024-12-31,P084,L11,420
2024-12-31,P084,L12,496
2024-12-31,P084,L13,747
2024-12-31,P084,L14,647
2024-12-31,P084,L15,508
2024-12-31,P084,L16,552
2024-12-31,P084,L17,548
2024-12-31,P084,L18,653
2024-12-31,P084,L19,767
2024-12-31,P084,L20,435
2024-12-31,P085,L01,790
2024-12-31,P085,L02,481
2024-12-31,P085,L03,467
2024-12-31,P085,L04,592
2024-12-31,P085,L05,587
2024-12-31,P085,L06,537
2024-12-31,P085,L07,683
2024-12-31,P085,L08,533
2024-12-31,P085,L09,645
2024-12-31,P085,L10,657
2024-12-31,P085,L11,458
2024-12-31,P085,L12,446
2024-12-31,P085,L13,416
2024-12-31,P085,L14,457
2024-12-31,P085,L15,594
2024-12-31,P085,L16,241
2024-12-31,P085,L17,526
2024-12-31,P085,L18,623
2024-12-31,P085,L19,490
2024-12-31,P085,L20,519
2024-12-31,P086,L01,472
2024-12-31,P086,L02,335
2024-12-31,P086,L03,432
2024-12-31,P086,L04,637
2024-12-31,P086,L05,454
2024-12-31,P086,L06,269
2024-12-31,P086,L07,585
2024-12-31,P086,L08,561
2024-12-31,P086,L09,401
2024-12-31,P086,L10,646
2024-12-31,P086,L11,438
2024-12-31,P086,L12,571
2024-12-31,P086,L13,624
2024-12-31,P086,L14,392
2024-12-31,P086,L15,548
2024-12-31,P086,L16,607
2024-12-31,P086,L17,456
2024-12-31,P086,L18,447
2024-12-31,P086,L19,445
2024-12-31,P086,L20,360
2024-12-31,P087,L01,270
2024-12-31,P087,L02,448
2024-12-31,P087,L03,367
2024-12-31,P087,L04,234
2024-12-31,P087,L05,222
2024-12-31,P087,L06,289
2024-12-31,P087,L07,320
2024-12-31,P087,L08,757
2024-12-31,P087,L09,511
2024-12-31,P087,L10,458
2024-12-31,P087,L11,472
2024-12-31,P087,L12,484
2024-12-31,P087,L13,505
2024-12-31,P087,L14,711
2024-12-31,P087,L15,455
2024-12-31,P087,L16,559
2024-12-31,P087,L17,583
2024-12-31,P087,L18,329
2024-12-31,P087,L19,92
2024-12-31,P087,L20,565
2024-12-31,P088,L01,629
2024-12-31,P088,L02,502
2024-12-31,P088,L03,292
2024-12-31,P088,L04,509
2024-12-31,P088,L05,346
2024-12-31,P088,L06,682
2024-12-31,P088,L07,514
2024-12-31,P088,L08,640
2024-12-31,P088,L09,424
2024-12-31,P088,L10,309
2024-12-31,P088,L11,464
2024-12-31,P088,L12,296
2024-12-31,P088,L13,670
2024-12-31,P088,L14,537
2024-12-31,P088,L15,427
2024-12-31,P088,L16,346
2024-12-31,P088,L17,341
2024-12-31,P088,L18,807
2024-12-31,P088,L19,313
2024-12-31,P088,L20,454
2024-12-31,P089,L01,466
2024-12-31,P089,L02,254
2024-12-31,P089,L03,238
2024-12-31,P089,L04,557
2024-12-31,P089,L05,531
2024-12-31,P089,L06,643
2024-12-31,P089,L07,783
2024-12-31,P089,L08,651
2024-12-31,P089,L09,784
2024-12-31,P089,L10,580
2024-12-31,P089,L11,225
2024-12-31,P089,L12,641
2024-12-31,P089,L13,640
2024-12-31,P089,L14,480
2024-12-31,P089,L15,511
2024-12-31,P089,L16,452
2024-12-31,P089,L17,638
2024-12-31,P089,L18,437
2024-12-31,P089,L19,562
2024-12-31,P089,L20,550
2024-12-31,P090,L01,767
2024-12-31,P090,L02,499
2024-12-31,P090,L03,523
2024-12-31,P090,L04,757
2024-12-31,P090,L05,544
2024-12-31,P090,L06,461
2024-12-31,P090,L07,694
2024-12-31,P090,L08,611
2024-12-31,P090,L09,444
2024-12-31,P090,L10,456
2024-12-31,P090,L11,608
2024-12-31,P090,L12,814
2024-12-31,P090,L13,871
2024-12-31,P090,L14,478
2024-12-31,P090,L15,474
2024-12-31,P090,L16,265
2024-12-31,P090,L17,479
2024-12-31,P090,L18,394
2024-12-31,P090,L19,501
2024-12-31,P090,L20,312
2024-12-31,P091,L01,811
2024-12-31,P091,L02,443
2024-12-31,P091,L03,471
2024-12-31,P091,L04,524
2024-12-31,P091,L05,614
2024-12-31,P091,L06,612
2024-12-31,P091,L07,751
2024-12-31,P091,L08,243
2024-12-31,P091,L09,438
2024-12-31,P091,L10,289
2024-12-31,P091,L11,457
2024-12-31,P091,L12,504
2024-12-31,P091,L13,560
2024-12-31,P091,L14,480
2024-12-31,P091,L15,198
2024-12-31,P091,L16,640
2024-12-31,P091,L17,497
2024-12-31,P091,L18,484
2024-12-31,P091,L19,428
2024-12-31,P091,L20,372
2024-12-31,P092,L01,592
2024-12-31,P092,L02,680
2024-12-31,P092,L03,244
2024-12-31,P092,L04,335
2024-12-31,P092,L05,881
2024-12-31,P092,L06,585
2024-12-31,P092,L07,617
2024-12-31,P092,L08,451
2024-12-31,P092,L09,321
2024-12-31,P092,L10,554
2024-12-31,P092,L11,408
2024-12-31,P092,L12,873
2024-12-31,P092,L13,580
2024-12-31,P092,L14,468
2024-12-31,P092,L15,447
2024-12-31,P092,L16,529
2024-12-31,P092,L17,785
2024-12-31,P092,L18,670
2024-12-31,P092,L19,473
2024-12-31,P092,L20,228
2024-12-31,P093,L01,341
2024-12-31,P093,L02,707
2024-12-31,P093,L03,430
2024-12-31,P093,L04,242
2024-12-31,P093,L05,708
2024-12-31,P093,L06,503
2024-12-31,P093,L07,526
2024-12-31,P093,L08,609
2024-12-31,P093,L09,438
2024-12-31,P093,L10,590
2024-12-31,P093,L11,810
2024-12-31,P093,L12,527
2024-12-31,P093,L13,558
2024-12-31,P093,L14,650
2024-12-31,P093,L15,349
2024-12-31,P093,L16,710
2024-12-31,P093,L17,509
2024-12-31,P093,L18,579
2024-12-31,P093,L19,490
2024-12-31,P093,L20,427
2024-12-31,P094,L01,768
2024-12-31,P094,L02,515
2024-12-31,P094,L03,458
2024-12-31,P094,L04,469
2024-12-31,P094,L05,458
2024-12-31,P094,L06,333
2024-12-31,P094,L07,448
2024-12-31,P094,L08,679
2024-12-31,P094,L09,389
2024-12-31,P094,L10,555
2024-12-31,P094,L11,692
2024-12-31,P094,L12,620
2024-12-31,P094,L13,503
2024-12-31,P094,L14,778
2024-12-31,P094,L15,643
2024-12-31,P094,L16,365
2024-12-31,P094,L17,613
2024-12-31,P094,L18,501
2024-12-31,P094,L19,239
2024-12-31,P094,L20,613
2024-12-31,P095,L01,235
2024-12-31,P095,L02,590
2024-12-31,P095,L03,522
2024-12-31,P095,L04,705
2024-12-31,P095,L05,266
2024-12-31,P095,L06,621
2024-12-31,P095,L07,251
2024-12-31,P095,L08,670
2024-12-31,P095,L09,606
2024-12-31,P095,L10,391
2024-12-31,P095,L11,687
2024-12-31,P095,L12,671
2024-12-31,P095,L13,505
2024-12-31,P095,L14,510
2024-12-31,P095,L15,487
2024-12-31,P095,L16,461
2024-12-31,P095,L17,427
2024-12-31,P095,L18,547
2024-12-31,P095,L19,409
2024-12-31,P095,L20,652
2024-12-31,P096,L01,596
2024-12-31,P096,L02,473
2024-12-31,P096,L03,399
2024-12-31,P096,L04,458
2024-12-31,P096,L05,321
2024-12-31,P096,L06,545
2024-12-31,P096,L07,372
2024-12-31,P096,L08,791
2024-12-31,P096,L09,512
2024-12-31,P096,L10,749
2024-12-31,P096,L11,341
2024-12-31,P096,L12,475
2024-12-31,P096,L13,363
2024-12-31,P096,L14,400
2024-12-31,P096,L15,430
2024-12-31,P096,L16,456
2024-12-31,P096,L17,683
2024-12-31,P096,L18,669
2024-12-31,P096,L19,192
2024-12-31,P096,L20,621
2024-12-31,P097,L01,723
2024-12-31,P097,L02,645
2024-12-31,P097,L03,473
2024-12-31,P097,L04,571
2024-12-31,P097,L05,203
2024-12-31,P097,L06,469
2024-12-31,P097,L07,407
2024-12-31,P097,L08,631
2024-12-31,P097,L09,404
2024-12-31,P097,L10,537
2024-12-31,P097,L11,664
2024-12-31,P097,L12,557
2024-12-31,P097,L13,563
2024-12-31,P097,L14,412
2024-12-31,P097,L15,822
2024-12-31,P097,L16,437
2024-12-31,P097,L17,317
2024-12-31,P097,L18,423
2024-12-31,P097,L19,723
2024-12-31,P097,L20,328
2024-12-31,P098,L01,491
2024-12-31,P098,L02,542
2024-12-31,P098,L03,754
2024-12-31,P098,L04,272
2024-12-31,P098,L05,491
2024-12-31,P098,L06,800
2024-12-31,P098,L07,447
2024-12-31,P098,L08,581
2024-12-31,P098,L09,748
2024-12-31,P098,L10,355
2024-12-31,P098,L11,668
2024-12-31,P098,L12,589
2024-12-31,P098,L13,459
2024-12-31,P098,L14,402
2024-12-31,P098,L15,525
2024-12-31,P098,L16,556
2024-12-31,P098,L17,808
2024-12-31,P098,L18,699
2024-12-31,P098,L19,688
2024-12-31,P098,L20,373
2024-12-31,P099,L01,548
2024-12-31,P099,L02,467
2024-12-31,P099,L03,203
2024-12-31,P099,L04,548
2024-12-31,P099,L05,729
2024-12-31,P099,L06,492
2024-12-31,P099,L07,653
2024-12-31,P099,L08,401
2024-12-31,P099,L09,873
2024-12-31,P099,L10,237
2024-12-31,P099,L11,607
2024-12-31,P099,L12,549
2024-12-31,P099,L13,573
2024-12-31,P099,L14,457
2024-12-31,P099,L15,711
2024-12-31,P099,L16,272
2024-12-31,P099,L17,468
2024-12-31,P099,L18,540
2024-12-31,P099,L19,402
2024-12-31,P099,L20,731
2024-12-31,P100,L01,130
2024-12-31,P100,L02,660
2024-12-31,P100,L03,751
2024-12-31,P100,L04,397
2024-12-31,P100,L05,551
2024-12-31,P100,L06,496
2024-12-31,P100,L07,658
2024-12-31,P100,L08,578
2024-12-31,P100,L09,409
2024-12-31,P100,L10,721
2024-12-31,P100,L11,528
2024-12-31,P100,L12,412
2024-12-31,P100,L13,430
2024-12-31,P100,L14,272
2024-12-31,P100,L15,586
2024-12-31,P100,L16,604
2024-12-31,P100,L17,330
2024-12-31,P100,L18,330
2024-12-31,P100,L19,409
2024-12-31,P100,L20,672
